id,full_name,email,role,is_verified,is_active,created_at,updated_at
1,Stacey Mendez,christinemiller@example.com,Admin,FALSE,FALSE,14-01-2026 01:04,05-02-2026 14:43
2,David Nielsen,robertpatterson@example.org,Admin,TRUE,TRUE,18-02-2026 11:44,06-01-2026 22:44
3,Roberta Hampton,shannonjackson@example.net,Customer,TRUE,FALSE,27-03-2026 19:29,11-03-2026 03:43
4,Emily Snyder,dharris@example.net,Customer,TRUE,FALSE,19-04-2026 19:40,09-04-2026 05:10
5,Aaron Bailey,lauren08@example.com,Admin,FALSE,TRUE,16-01-2026 10:23,17-04-2026 12:26
6,Jon Gomez,amanda07@example.net,Vendor,FALSE,FALSE,02-01-2026 08:35,29-03-2026 16:41
7,Michael Coleman,smoreno@example.org,Vendor,TRUE,TRUE,01-04-2026 00:58,28-04-2026 19:27
8,Taylor Frazier,campbellmanuel@example.org,Vendor,FALSE,FALSE,09-04-2026 02:04,01-05-2026 02:16
9,Ryan Montoya,abarton@example.net,Vendor,FALSE,TRUE,03-04-2026 10:38,27-05-2026 11:59
10,Ryan Roberts,brownjimmy@example.org,Customer,TRUE,FALSE,29-04-2026 10:26,09-04-2026 06:10
11,Michael Erickson,grivera@example.net,Admin,FALSE,FALSE,24-03-2026 07:52,03-06-2026 11:10
12,Julie Crosby,johnsonyesenia@example.org,Vendor,TRUE,TRUE,30-04-2026 01:45,10-03-2026 04:37
13,Angela Rodriguez,davisjohn@example.net,Customer,TRUE,TRUE,20-02-2026 07:14,25-02-2026 22:00
14,Timothy Brooks,maryedwards@example.com,Vendor,TRUE,TRUE,30-01-2026 16:58,07-04-2026 05:44
15,Frank Nelson,brownlaura@example.net,Admin,FALSE,FALSE,13-05-2026 17:23,10-01-2026 04:28
16,William Golden,cfuentes@example.org,Customer,FALSE,TRUE,20-03-2026 10:25,11-03-2026 02:56
17,Robert Hughes,justinsmith@example.com,Admin,FALSE,TRUE,06-04-2026 01:51,16-04-2026 14:03
18,Timothy Goodman,ianderson@example.net,Vendor,FALSE,FALSE,24-05-2026 00:43,22-05-2026 20:58
19,Eileen Carson,sabrina21@example.org,Admin,FALSE,FALSE,24-05-2026 10:08,30-03-2026 17:55
20,Diane Brock DDS,dpotts@example.org,Admin,TRUE,FALSE,02-06-2026 05:48,06-04-2026 07:32
21,Paul Cain,christopher64@example.net,Customer,TRUE,FALSE,10-02-2026 10:49,23-03-2026 22:16
22,Steven Quinn,amy46@example.com,Customer,FALSE,TRUE,10-06-2026 01:51,15-02-2026 18:00
23,Carrie White,ramostodd@example.net,Vendor,FALSE,FALSE,31-03-2026 00:49,07-04-2026 03:29
24,Anthony Johnson,tracy33@example.org,Admin,TRUE,TRUE,19-02-2026 21:11,20-01-2026 08:53
25,Melissa Stewart,jennifer86@example.com,Customer,TRUE,FALSE,06-05-2026 22:44,01-01-2026 08:01
26,Dalton Jacobson,ashley20@example.net,Admin,FALSE,FALSE,19-05-2026 01:02,26-03-2026 10:59
27,Arthur Kim,michael82@example.net,Vendor,TRUE,TRUE,09-01-2026 08:12,26-03-2026 15:55
28,Gloria Williams,imartinez@example.com,Customer,TRUE,TRUE,23-01-2026 16:28,02-04-2026 05:56
29,Monique Green,karen95@example.org,Customer,TRUE,FALSE,03-01-2026 10:08,04-04-2026 09:41
30,Sara Reed,connor56@example.net,Admin,TRUE,FALSE,17-03-2026 23:45,02-04-2026 01:59
31,Oscar Franklin,heather58@example.org,Vendor,FALSE,FALSE,28-02-2026 14:21,31-01-2026 13:39
32,Brittany Buckley,jasonbrown@example.com,Customer,TRUE,FALSE,15-05-2026 04:51,26-03-2026 22:08
33,Robert Morrow,ricardocollins@example.com,Admin,TRUE,FALSE,09-04-2026 16:11,06-02-2026 20:33
34,Donald Ho,grayscott@example.net,Customer,FALSE,FALSE,17-03-2026 19:15,07-04-2026 09:53
35,Jared Ingram,barrymack@example.com,Customer,TRUE,FALSE,09-01-2026 01:40,01-01-2026 07:32
36,Joseph Estrada,benjaminortiz@example.org,Vendor,TRUE,FALSE,30-04-2026 00:37,31-01-2026 03:03
37,Christopher Lucas,garciabrandy@example.org,Customer,FALSE,FALSE,05-03-2026 16:45,11-04-2026 07:03
38,Glenn Wright,garycoleman@example.org,Admin,TRUE,FALSE,19-04-2026 05:03,24-01-2026 22:42
39,Robert Carlson,michelle30@example.net,Vendor,FALSE,TRUE,02-05-2026 12:20,02-03-2026 22:44
40,James Hughes,beckcrystal@example.com,Customer,TRUE,TRUE,11-03-2026 13:40,05-02-2026 14:12
41,Mark Perez,fcoleman@example.com,Admin,FALSE,TRUE,23-01-2026 20:16,16-05-2026 23:13
42,Charles Flores,oleon@example.org,Customer,TRUE,FALSE,15-02-2026 06:33,05-05-2026 12:30
43,Daniel Hogan,garrisontoni@example.org,Admin,FALSE,TRUE,17-04-2026 21:25,19-01-2026 17:55
44,Diane Horn,andersonscott@example.net,Vendor,FALSE,TRUE,01-05-2026 22:39,23-04-2026 19:36
45,Jason Conway,williamsrita@example.com,Admin,TRUE,TRUE,25-05-2026 07:20,06-05-2026 19:23
46,Amanda Baxter,rebeccahutchinson@example.com,Admin,TRUE,TRUE,03-05-2026 13:06,14-03-2026 09:40
47,Paul Bennett,elizabethgraham@example.net,Customer,TRUE,FALSE,17-01-2026 20:01,10-02-2026 19:55
48,Jason Landry,dcummings@example.net,Admin,FALSE,TRUE,10-02-2026 21:33,03-06-2026 16:39
49,Wayne Carroll,dicksonruben@example.org,Customer,FALSE,TRUE,15-05-2026 11:45,09-01-2026 05:26
50,Antonio Williams,joseph89@example.net,Customer,TRUE,TRUE,11-01-2026 21:54,15-01-2026 19:05
51,Michael Gross,icurtis@example.org,Admin,FALSE,FALSE,04-01-2026 16:54,05-06-2026 18:01
52,Daniel Diaz,lucasmiller@example.com,Customer,FALSE,TRUE,29-03-2026 21:01,19-01-2026 22:42
53,Albert Henry,joshua40@example.com,Admin,FALSE,TRUE,02-03-2026 20:29,01-05-2026 11:22
54,Robert Gutierrez,christopherlong@example.net,Admin,FALSE,TRUE,20-03-2026 10:36,26-01-2026 12:43
55,Timothy Davenport,qsheppard@example.org,Vendor,FALSE,FALSE,17-04-2026 13:49,17-04-2026 14:14
56,David Valentine,megan06@example.net,Admin,FALSE,FALSE,23-02-2026 13:46,08-06-2026 05:43
57,Justin Pierce,lisa81@example.net,Vendor,TRUE,TRUE,13-05-2026 18:08,02-02-2026 12:03
58,Jimmy Smith,dana60@example.org,Vendor,FALSE,FALSE,13-04-2026 16:23,05-01-2026 10:30
59,Jessica Smith,kcarpenter@example.org,Customer,FALSE,FALSE,03-04-2026 03:19,08-03-2026 16:11
60,April Bartlett,genglish@example.com,Customer,FALSE,FALSE,07-01-2026 15:36,25-04-2026 03:46
61,Pamela Bell,tammy22@example.net,Customer,TRUE,TRUE,25-05-2026 11:20,09-01-2026 11:17
62,Ryan Wheeler,michael55@example.org,Admin,FALSE,FALSE,17-04-2026 20:03,08-03-2026 20:02
63,Nicholas King,enixon@example.net,Vendor,FALSE,TRUE,17-04-2026 06:21,01-04-2026 13:40
64,Michael Hamilton,ryan77@example.org,Admin,FALSE,FALSE,12-05-2026 16:10,16-01-2026 02:55
65,Alex Livingston,nicolegarcia@example.net,Customer,FALSE,FALSE,27-03-2026 21:22,10-05-2026 16:08
66,Matthew Mitchell,tpotts@example.org,Customer,FALSE,TRUE,07-06-2026 10:14,15-03-2026 08:49
67,Elizabeth Thompson,richard97@example.org,Admin,TRUE,FALSE,09-02-2026 00:18,24-05-2026 02:08
68,Maria Norris,lmiles@example.org,Customer,FALSE,TRUE,15-04-2026 18:19,22-03-2026 11:07
69,Christopher Green,upayne@example.net,Customer,TRUE,TRUE,11-05-2026 11:08,25-05-2026 02:24
70,Scott Baker,sarahburke@example.com,Vendor,TRUE,FALSE,08-01-2026 11:28,04-01-2026 22:59
71,Tracy Medina,carlosterrell@example.com,Customer,FALSE,FALSE,08-06-2026 20:33,31-05-2026 22:34
72,Stephanie Graves,stephanie80@example.net,Customer,FALSE,FALSE,11-05-2026 03:19,01-02-2026 21:28
73,Autumn Lindsey,zacharykennedy@example.org,Vendor,TRUE,TRUE,03-01-2026 02:52,03-04-2026 01:48
74,Daniel Swanson,carpentertodd@example.org,Vendor,TRUE,TRUE,21-02-2026 06:42,13-02-2026 17:37
75,Mary Blankenship,acarlson@example.net,Admin,FALSE,TRUE,22-02-2026 01:40,09-06-2026 08:18
76,Shawn Rogers,flynnlauren@example.com,Vendor,TRUE,FALSE,19-05-2026 23:07,03-05-2026 19:13
77,John Perry,megan17@example.org,Customer,FALSE,FALSE,03-02-2026 14:02,05-06-2026 14:53
78,Renee Hernandez,laurenjefferson@example.org,Vendor,FALSE,FALSE,01-05-2026 17:54,08-04-2026 10:14
79,Mary Maxwell,wmorgan@example.com,Customer,TRUE,FALSE,17-05-2026 15:45,20-04-2026 04:16
80,Zoe Cooper,andrew17@example.org,Customer,TRUE,FALSE,18-05-2026 11:19,16-05-2026 10:41
81,Matthew Lee,gmontgomery@example.org,Vendor,TRUE,FALSE,18-03-2026 22:00,02-05-2026 05:37
82,Dennis Miller,brandonnelson@example.org,Customer,FALSE,TRUE,31-05-2026 20:25,02-05-2026 03:41
83,Jennifer Reid,joshua85@example.net,Customer,TRUE,TRUE,20-01-2026 10:01,13-05-2026 00:12
84,Jeremy House,carpenterdavid@example.org,Admin,FALSE,TRUE,13-03-2026 01:23,13-05-2026 10:20
85,Melinda Richards,juan35@example.com,Admin,TRUE,TRUE,19-05-2026 08:08,23-02-2026 17:43
86,Terry Ware,nancy28@example.com,Vendor,TRUE,FALSE,04-01-2026 14:40,26-05-2026 07:51
87,Nicole Diaz,aaron53@example.net,Customer,TRUE,FALSE,11-02-2026 01:13,17-03-2026 00:47
88,Allison Kramer,xware@example.net,Vendor,TRUE,FALSE,23-02-2026 10:33,23-02-2026 18:41
89,Kelly Garcia,gbrown@example.com,Vendor,TRUE,TRUE,21-01-2026 02:48,11-05-2026 15:39
90,Ashley Sharp,wongmatthew@example.com,Admin,TRUE,TRUE,20-01-2026 16:26,27-04-2026 14:31
91,Lori Phillips,gwood@example.com,Admin,FALSE,FALSE,28-01-2026 01:40,12-02-2026 14:33
92,Nicole Payne,bsmith@example.org,Admin,TRUE,FALSE,26-01-2026 13:53,22-04-2026 13:53
93,James Fisher,vkelley@example.net,Admin,TRUE,FALSE,05-06-2026 14:21,07-03-2026 09:36
94,Heather Ramirez,barbarawhite@example.org,Admin,FALSE,FALSE,01-01-2026 03:33,17-01-2026 20:10
95,Nicholas Fischer,yward@example.net,Vendor,FALSE,FALSE,30-01-2026 05:40,10-04-2026 14:13
96,Anthony Mejia,patricia89@example.com,Vendor,FALSE,TRUE,04-02-2026 17:11,01-03-2026 05:48
97,Timothy Hale,amelendez@example.net,Vendor,FALSE,TRUE,26-05-2026 17:23,20-02-2026 12:17
98,Carla Long,vanessashort@example.net,Vendor,FALSE,TRUE,06-04-2026 16:28,04-01-2026 23:13
99,Jason Black,martinpamela@example.com,Admin,TRUE,TRUE,07-04-2026 08:57,03-05-2026 20:04
100,Leonard Huffman,werneramanda@example.net,Admin,FALSE,FALSE,28-03-2026 14:01,28-05-2026 10:58
