id,name,email,phone,address,customer_status,total_orders,created_at,updated_at
1,Justin Diaz,dschmidt@example.org,5018811988,"5493 Pamela Mews Johnsside, AR 74194",Active,14,31-03-2026 05:54,02-02-2026 11:58
2,Veronica Miller,johnnyfrank@example.org,8702239930,"662 Underwood Harbors Suite 175 Litown, DC 35038",Active,9,22-02-2026 04:36,26-01-2026 22:04
3,Robert Jackson,sjohnson@example.net,3525221271,"7718 Anderson Plains Suite 067 Kellistad, VT 54453",Active,20,18-04-2026 22:07,18-03-2026 03:53
4,Michael King,frank84@example.org,9528347647,"121 Bright Field Hinesport, DE 94758",Active,1,20-03-2026 05:26,08-02-2026 12:22
5,Deborah Maldonado,alex98@example.com,8995730479,"3277 Mercado Junction Apt. 832 Anthonyfort, NJ 09581",Inactive,5,18-03-2026 16:42,10-03-2026 16:49
6,Michael Martinez,davidchandler@example.com,9367232230,"90650 Clark Brooks Apt. 712 Joshuabury, NY 05646",Active,10,23-05-2026 21:42,13-02-2026 23:28
7,Matthew Graham,erika73@example.com,7288154440,"227 Cynthia Ports Andrewschester, NJ 09197",Inactive,16,19-01-2026 19:33,13-03-2026 20:35
8,Jesse Cooper,rdawson@example.com,253789127,"676 Cobb Roads Suite 287 South Jacob, TX 85170",Active,5,13-01-2026 06:51,08-01-2026 16:11
9,Katherine Ryan,figueroaemily@example.net,7052215340,"49685 Cody Plain New Christopherchester, MT 69585",Active,3,01-02-2026 03:54,26-02-2026 08:25
10,Michelle Chang,ktaylor@example.net,4981182044,"44959 Sydney Spur Suite 956 South Alyssaland, RI 24729",Active,3,17-01-2026 09:11,12-02-2026 13:21
11,Jillian Flores,alvarezivan@example.org,7026364825,"206 Tom Lodge Robertstad, MO 58532",Inactive,9,19-05-2026 05:58,01-04-2026 23:07
12,Wendy Dean,hayley74@example.com,1871413554,"5663 Anderson Unions Suite 275 Matthewland, MI 65002",Active,6,07-04-2026 20:03,03-04-2026 05:03
13,Kristen Curry,carl77@example.net,6077717369,"220 Padilla Road Paulbury, SC 63319",Inactive,9,01-06-2026 03:23,13-02-2026 18:10
14,James Shaw,osbornjames@example.net,8365013141,"992 Turner Union Matthewstad, PW 68330",Inactive,3,26-04-2026 02:34,07-04-2026 16:01
15,Heather Stevens,dustinspencer@example.com,4015818843,"062 Martin Lake East Judithland, KY 54883",Inactive,1,12-03-2026 00:11,03-03-2026 14:26
16,Charles Mayo,odavis@example.net,8221029196,"624 Ross Tunnel Murphytown, IA 95692",Inactive,11,14-04-2026 02:47,18-02-2026 19:12
17,Ronald Sanchez,psutton@example.com,1485329847,"PSC 5745, Box 8851 APO AE 33719",Inactive,2,07-02-2026 06:37,06-02-2026 10:53
18,Olivia Rodriguez,higginswilliam@example.org,9121924373,"722 Flores Cliff Apt. 825 North John, MT 93007",Active,16,19-03-2026 19:16,25-05-2026 19:14
19,Emily Riley,dnixon@example.com,6359007612,"35462 Evans Meadow Suite 411 Victorchester, IL 77108",Inactive,2,10-06-2026 18:51,02-05-2026 22:24
20,Patrick Forbes PhD,harveytravis@example.org,7075381709,Unit 0245 Box 0300 DPO AA 79655,Active,8,05-06-2026 14:21,22-04-2026 11:36
21,Gregory Singleton,shawnmedina@example.net,8716937885,"PSC 6357, Box 0055 APO AE 66081",Active,20,28-05-2026 04:34,07-01-2026 12:17
22,Cindy Hill,baxterarthur@example.org,2458372402,"930 Ryan Lakes New Andrew, MS 30739",Active,11,12-04-2026 13:46,24-02-2026 09:05
23,Danielle Johnson,johnnyrosario@example.net,2042758494,"509 Owens Ports Apt. 566 Ramosfort, GA 03138",Inactive,12,12-03-2026 06:42,06-03-2026 14:23
24,Taylor Saunders,qsims@example.org,4979088984,"12367 Morgan Rapids Port Karenton, PR 11899",Inactive,13,02-02-2026 09:51,03-03-2026 22:27
25,Sara Patel,kfoster@example.com,5001118776,"09408 Albert Shores Lake Joseph, IA 46591",Active,13,02-05-2026 11:17,24-04-2026 21:04
26,Laura Robertson,rodneyclark@example.org,4331793516,"87120 Tiffany Lock Suite 277 West Shirley, CT 05455",Active,13,04-01-2026 19:37,09-04-2026 19:48
27,Brenda Lara,michaelthompson@example.com,5794592253,"2122 Nathan Stream Apt. 797 East Michaelville, TN 27310",Active,16,21-03-2026 13:18,04-06-2026 05:15
28,Yvonne Sanchez,adam47@example.org,8792192850,"90120 Banks Prairie Apt. 799 New Scottland, IL 42659",Active,2,18-01-2026 01:41,21-01-2026 08:10
29,William Cain,luiswright@example.org,338657123,"685 Paul Squares Suite 159 Lorifort, ND 32416",Inactive,20,29-04-2026 03:07,10-06-2026 20:52
30,Stephanie Sellers,joseph17@example.net,8017555586,Unit 0627 Box 7059 DPO AE 26139,Inactive,18,05-01-2026 19:01,07-02-2026 03:39
31,Matthew Jenkins,ssanchez@example.com,6964685097,"05149 Barton Wells Mariaview, NC 18537",Inactive,1,22-02-2026 07:47,04-03-2026 21:16
32,Jessica Anderson,hillmargaret@example.com,2971271535,"4801 Fletcher Forges Lake Rebecca, MA 75804",Active,3,20-01-2026 22:27,26-02-2026 11:06
33,Crystal Simpson,bianca37@example.com,5978400801,"755 Copeland Mills Lake Nichole, RI 64160",Active,6,24-03-2026 01:44,29-04-2026 23:29
34,Stephen Garcia,isantos@example.net,8485874423,"591 Baxter Turnpike Apt. 943 New Rebecca, IN 71881",Active,19,20-03-2026 19:54,12-04-2026 06:44
35,Karl Little,kingkyle@example.com,6360734661,"8069 Brenda Burgs Christinashire, NY 19568",Active,2,09-06-2026 13:47,01-02-2026 09:28
36,Lisa Stafford,christophergutierrez@example.com,5562728195,"121 Misty Stravenue East Markborough, RI 18030",Active,2,23-03-2026 08:27,26-05-2026 08:05
37,Bryan Gonzalez,fowlerjessica@example.com,6887443268,"89867 Rose Center Apt. 519 Nelsonville, AK 29669",Inactive,20,17-03-2026 15:50,01-06-2026 02:30
38,Bradley Wolfe,courtney31@example.net,3406028189,"80342 Angela Lock Apt. 230 North Cheryl, FL 55240",Active,6,12-02-2026 16:35,06-01-2026 07:26
39,Katherine Gordon,tracy80@example.net,7732888027,"562 Ruiz Terrace Suite 426 Port Theresa, CT 68323",Inactive,8,29-03-2026 01:23,09-04-2026 10:20
40,Tiffany Johnson,allenjose@example.com,1111458126,"9680 Zachary Loaf Wilsonmouth, AK 09832",Active,10,07-04-2026 10:00,26-01-2026 16:19
41,Lawrence Jackson,courtney93@example.com,5351196349,"938 Mary Squares Apt. 485 North Monica, UT 62471",Inactive,9,25-03-2026 00:12,12-05-2026 05:30
42,Jodi Smith,hmartin@example.com,7814683579,"19134 Cox Junctions Swansonbury, OR 34497",Inactive,5,18-02-2026 15:29,29-05-2026 06:42
43,Brooke Thompson,keithfuentes@example.com,6944397758,Unit 6641 Box 8057 DPO AE 71255,Inactive,5,06-06-2026 05:22,16-04-2026 08:26
44,David Richards,campostyler@example.net,9193203837,"83642 Cook Street New Christinamouth, SC 67824",Active,7,02-02-2026 12:25,30-01-2026 18:27
45,Louis Clark,monicajordan@example.net,4707831654,"965 Reeves Forge Bridgesberg, OH 67139",Inactive,17,30-01-2026 21:37,26-01-2026 22:00
46,Sherry Reed,paulharris@example.org,4008454473,"259 Mark Mills Stevenmouth, WA 78404",Inactive,6,09-01-2026 18:49,14-05-2026 19:41
47,Laurie Schmidt,jessica81@example.org,3972740371,Unit 7181 Box 2873 DPO AP 30790,Active,6,07-03-2026 18:54,06-06-2026 06:14
48,Dennis Johnson,cmckinney@example.com,422074243,"188 Ashley Square Apt. 378 Lake Julieberg, MO 51608",Active,18,03-05-2026 19:29,07-05-2026 21:18
49,Sue Rodriguez,vtaylor@example.net,7121126724,"681 Ryan Ports Suite 435 Jerryhaven, AR 54864",Active,9,26-02-2026 07:35,16-03-2026 21:17
50,Brenda Nguyen,taylor11@example.net,190387421,"8114 Stevens Neck Suite 983 Emilyport, MD 22924",Active,17,21-01-2026 12:53,06-03-2026 07:24
51,Thomas Carpenter,ydillon@example.com,6067893797,"180 Turner Manor Suite 336 West Marie, MH 67755",Active,14,16-05-2026 18:38,09-05-2026 00:26
52,Nathaniel Butler,qvasquez@example.net,4424109404,"422 Hayden Highway Apt. 215 North Mark, RI 61221",Active,0,15-03-2026 00:39,06-02-2026 20:41
53,Emily Bright,gsanders@example.net,5166033968,USCGC Manning FPO AP 68903,Active,6,02-03-2026 10:23,05-03-2026 00:34
54,Michelle James,nthomas@example.com,8154180939,"37569 Shawn Inlet West Cody, IL 90502",Inactive,20,20-05-2026 22:23,30-01-2026 04:55
55,Antonio Fischer,amber63@example.org,3100893140,USNV Stein FPO AP 91931,Inactive,8,27-02-2026 14:44,23-02-2026 12:45
56,Matthew Anderson,annasmith@example.com,2102682829,"1391 Daniel Ranch Timothyville, VA 84153",Inactive,20,05-05-2026 02:34,09-04-2026 11:44
57,Kristina Wilson,heather53@example.net,6559702041,"4672 Ronnie Loaf Apt. 222 Francistown, HI 63113",Inactive,12,31-03-2026 14:49,05-03-2026 15:39
58,Anthony Kerr,brent25@example.com,9274563409,"427 Janet Roads New Anna, SC 70561",Inactive,7,02-06-2026 01:27,20-01-2026 04:01
59,Stephen Rodriguez,walkerpaula@example.net,1434117995,"3801 Michele Passage Apt. 753 North Paula, DC 53799",Active,17,16-05-2026 23:11,02-06-2026 13:10
60,Gregory Saunders,paulmelissa@example.com,4659188566,"9461 Amanda Mount Suite 917 Morrisview, NV 44449",Inactive,4,19-01-2026 23:10,07-04-2026 05:19
61,Nathan Oconnor,antonio37@example.net,1196686298,"25855 Eric Grove Suite 054 South Marybury, VA 73668",Active,11,21-04-2026 14:03,27-05-2026 00:35
62,Paula Bradley,gabrielmcgrath@example.net,7780676462,Unit 2208 Box 5286 DPO AA 05067,Inactive,6,12-05-2026 13:29,04-02-2026 09:19
63,Terry Terry,doughertyphilip@example.net,7414500134,"303 Mercedes Pass Lake Scottfort, IN 43941",Inactive,10,18-03-2026 12:38,04-05-2026 20:10
64,Samantha Crawford,fordlaura@example.org,3563235846,"2402 Wilson Mill Port Crystal, PW 62509",Active,9,03-04-2026 02:14,01-02-2026 12:18
65,Courtney Williams,andreford@example.org,2093327647,"9183 Page Garden Apt. 792 Jenkinsmouth, NM 82438",Active,10,16-03-2026 04:59,25-05-2026 11:38
66,Lisa Bradford,coreywinters@example.com,9098930642,"39115 Phillip Stream Apt. 586 West Ronaldburgh, KY 92583",Active,11,09-03-2026 20:52,07-04-2026 03:38
67,James Castro,kylemolina@example.org,7752488262,"462 Kelly Forest Suite 101 Castroshire, VI 18090",Inactive,2,01-04-2026 05:04,14-02-2026 00:54
68,Brandy Lamb,anash@example.com,4482318986,"6001 Christine Stream Buckburgh, MP 14935",Active,16,17-03-2026 01:04,13-03-2026 19:11
69,Anthony Cain,bespinoza@example.org,4409948308,"25982 Candice Greens Apt. 117 Jamieport, OH 34761",Active,19,25-03-2026 18:38,03-02-2026 22:51
70,Daniel Fisher,james41@example.net,8473853355,"3151 Bell Camp Jamesfort, DC 65459",Active,18,02-06-2026 10:59,11-05-2026 07:52
71,Angela Smith,jason96@example.org,5891850179,"31097 Cruz Mountain Suite 525 North Melanie, VI 30562",Inactive,14,01-04-2026 16:52,22-01-2026 22:36
72,Joseph Jones,tgutierrez@example.com,9414137588,"94492 Margaret Ways Charlesbury, AR 03529",Active,12,06-02-2026 08:37,01-03-2026 11:22
73,Michelle Anderson,johnsoncarrie@example.com,9399765553,"5280 Sheri Passage Apt. 813 Adamsfort, GU 81487",Active,13,07-04-2026 12:11,28-01-2026 13:53
74,Anna Edwards,psims@example.net,7417461927,"19475 Carmen Inlet Lake Peterfort, WY 07662",Active,9,10-02-2026 08:07,12-04-2026 07:11
75,Michael Bryant,nealsamantha@example.net,7197642443,"659 Sanders Loop Suite 427 New Shannon, WV 29340",Active,14,09-02-2026 02:59,14-02-2026 06:20
76,Heather Green MD,korozco@example.com,1910888911,Unit 1412 Box 8654 DPO AP 21541,Active,7,01-04-2026 16:17,13-02-2026 15:42
77,Cory Rodriguez,aharris@example.com,1579045460,"06742 Kimberly Park Lake Ryan, FL 12928",Inactive,2,04-02-2026 23:29,29-01-2026 12:37
78,Brian Morales,russodustin@example.org,9939019727,"914 Amy Causeway Port Anna, ID 25061",Inactive,17,31-05-2026 02:56,31-03-2026 12:02
79,Joshua Richard,marcuscole@example.org,1275910123,"2558 Melissa Fort Combsmouth, MS 96617",Inactive,15,07-02-2026 21:36,02-05-2026 05:13
80,Gregory Mccullough,cmurphy@example.net,4986633624,"198 Cheryl Island Suite 697 Port Reginamouth, CA 21445",Active,17,12-05-2026 16:50,11-01-2026 00:40
81,Jacqueline Williams,greenjoseph@example.com,441839654,"6421 Meyer Locks Apt. 664 Connermouth, NM 36272",Active,1,01-02-2026 19:17,04-04-2026 01:33
82,Calvin Rios,williscaroline@example.org,1444877218,"8893 Salinas Oval Lake Melissa, NV 11263",Inactive,3,03-06-2026 10:11,29-05-2026 19:37
83,Scott Morales,robertthompson@example.org,8887306022,"3292 Lee Ridges Apt. 491 South Aaron, ND 48562",Inactive,10,29-01-2026 20:50,05-05-2026 17:11
84,Jason Spears,wwilson@example.org,2279921774,"8296 Mitchell Turnpike Suite 027 East Codyside, CT 84519",Active,2,02-05-2026 13:59,12-01-2026 20:18
85,Francisco Murphy,dmartin@example.com,743996948,"1515 Melissa Fall Apt. 560 New Daniel, MD 72023",Active,12,14-03-2026 12:02,01-03-2026 05:08
86,Matthew Fields,tjackson@example.org,3146453033,"314 Joshua Island Apt. 259 East Charlesfort, ME 94967",Active,7,21-01-2026 11:37,03-03-2026 19:50
87,Andrea Mccormick,omiller@example.org,8280217265,"58229 Kayla Drives Apt. 003 North Garrettton, PR 71640",Active,11,10-06-2026 02:03,06-01-2026 03:44
88,Crystal Reed,richardfarrell@example.com,4708885657,USNS Marshall FPO AP 91031,Active,2,21-04-2026 06:48,02-05-2026 22:02
89,Teresa Villanueva,carterjoseph@example.com,5481710430,"209 Donna Vista Port Robert, OK 24159",Active,1,24-01-2026 08:04,16-04-2026 06:24
90,Andrew Gonzalez,gnichols@example.org,1365372083,"686 Kelsey Rapids Apt. 114 New Jonathanberg, GA 06394",Active,9,26-01-2026 00:56,26-04-2026 00:51
91,Dustin Mason,awoods@example.net,119622605,"700 Angela Parks West Oscar, AL 90815",Inactive,17,07-05-2026 22:45,21-05-2026 00:23
92,Nicole Berg,willie76@example.net,7140724091,"430 Meyers Terrace Mannton, NE 85579",Active,8,18-04-2026 08:04,12-03-2026 07:31
93,Cesar Swanson,smithjaime@example.net,8294234473,"2391 Olson Skyway Suite 074 Rodgersfurt, UT 40984",Active,3,10-03-2026 17:12,11-01-2026 09:14
94,Carlos Henderson,blee@example.com,2129763159,"93723 Mendez Villages West Kurt, OK 24831",Inactive,3,26-04-2026 20:51,06-04-2026 11:54
95,Jennifer Harrell,thomasian@example.org,46439648,"32175 Destiny Drives Apt. 566 Hurststad, MD 73267",Active,10,08-03-2026 06:29,28-01-2026 06:21
96,Anthony Brooks,kevin96@example.net,383438057,"71806 Toni Corners Apt. 444 New Emily, NH 08348",Inactive,1,30-05-2026 02:01,27-04-2026 19:07
97,Judy Simon,kathryn70@example.org,6370079493,"42638 Glenn Shore Apt. 245 Robbinstown, VT 55218",Active,12,07-04-2026 06:18,01-05-2026 04:22
98,Breanna Franco,amiranda@example.com,5786866324,"407 West Extension Lake Miranda, WI 44572",Inactive,11,06-03-2026 21:54,20-03-2026 10:55
99,David Howard,greenscott@example.org,6516108049,"41682 Taylor Hill Apt. 447 West Albertville, MI 55204",Inactive,17,09-02-2026 20:23,13-02-2026 21:10
100,Wendy Black,andrea78@example.org,2314877937,"834 Lowery Gateway Christinafort, NY 03917",Active,5,10-01-2026 14:45,01-04-2026 00:41
